user_id,artist_id,artist_name,long_rank,medium_rank,short_rank,appears_long_term,appears_medium_term,appears_short_term,churned_artist,rank_change_long_to_medium,historical_best_rank,historical_avg_rank,historical_presence_count,is_long_only,is_medium_only,is_present_in_both_historical_windows,long_rank_score,medium_rank_score,historical_affinity_score
15e7dff19830,7An4yvF7hDYDolN4m5zKBp,Soda Stereo,1,1,1,1,1,1,0,0,1,1.0,2,0,0,1,1.0,1.0,1.0
15e7dff19830,00FQb4jTyendYWaN8pK0wa,Lana Del Rey,2,4,2,1,1,1,0,2,2,3.0,2,0,0,1,0.98,0.94,0.96
15e7dff19830,1QOmebWGB6FdFtW7Bo3F0W,Gustavo Cerati,3,3,4,1,1,1,0,0,3,3.0,2,0,0,1,0.96,0.96,0.96
15e7dff19830,6Hd3xhv1sj3rlojjvGLkGR,Black Box Recorder,4,2,3,1,1,1,0,-2,2,3.0,2,0,0,1,0.94,0.98,0.96
15e7dff19830,1Xyo4u8uXC1ZmMpatF05PJ,The Weeknd,5,18,999,1,1,0,1,13,5,11.5,2,0,0,1,0.92,0.66,0.79
15e7dff19830,4OfU76YhPU04wlmbVFFgTJ,ATARASHII GAKKO!,6,5,999,1,1,0,1,-1,5,5.5,2,0,0,1,0.9,0.92,0.91
15e7dff19830,5cj0lLjcoR7YOSnhnX0Po5,Doja Cat,7,21,999,1,1,0,1,14,7,14.0,2,0,0,1,0.88,0.6,0.74
15e7dff19830,25uiPmTg16RbhZWAqwLBy5,Charli xcx,8,23,999,1,1,0,1,15,8,15.5,2,0,0,1,0.86,0.56,0.71
15e7dff19830,1HY2Jd0NmPuamShAr6KMms,Lady Gaga,9,36,999,1,1,0,1,27,9,22.5,2,0,0,1,0.84,0.3,0.57
15e7dff19830,4V8LLVI7PbaPR0K2TGSxFF,"Tyler, The Creator",10,15,20,1,1,1,0,5,10,12.5,2,0,0,1,0.82,0.72,0.77
15e7dff19830,7Ln80lUS6He07XvHI8qqHH,Arctic Monkeys,11,28,21,1,1,1,0,17,11,19.5,2,0,0,1,0.8,0.46,0.63
15e7dff19830,13JJKrUewC1CJYmIDXQNoH,El Cuarteto De Nos,12,19,999,1,1,0,1,7,12,15.5,2,0,0,1,0.78,0.64,0.71
15e7dff19830,1U1el3k54VvEUzo3ybLPlM,Kali Uchis,13,37,999,1,1,0,1,24,13,25.0,2,0,0,1,0.76,0.28,0.52
15e7dff19830,06HL4z0CvFAxyc27GXpf02,Taylor Swift,14,999,999,1,0,0,1,999,14,14.0,1,1,0,0,0.74,0.0,0.74
15e7dff19830,5jTtGLk1mGFMY5lQOvJYUj,bôa,15,999,999,1,0,0,1,999,15,15.0,1,1,0,0,0.72,0.0,0.72
15e7dff19830,2YZyLoL8N0Wb9xBt1NhZWg,Kendrick Lamar,16,27,10,1,1,1,0,11,16,21.5,2,0,0,1,0.7,0.48,0.59
15e7dff19830,61TQfpvTjHYQjPrvtJPwVa,NBSPLV,17,999,999,1,0,0,1,999,17,17.0,1,1,0,0,0.68,0.0,0.68
15e7dff19830,6qqNVTkY8uBg9cP3Jd7DAH,Billie Eilish,18,999,999,1,0,0,1,999,18,18.0,1,1,0,0,0.66,0.0,0.66
15e7dff19830,3Sz7ZnJQBIHsXLUSo0OQtM,Mac DeMarco,19,999,999,1,0,0,1,999,19,19.0,1,1,0,0,0.64,0.0,0.64
15e7dff19830,053q0ukIDRgzwTr4vNSwab,Grimes,20,34,999,1,1,0,1,14,20,27.0,2,0,0,1,0.62,0.34,0.48
15e7dff19830,5INjqkS1o8h1imAzPqGZBb,Tame Impala,21,13,999,1,1,0,1,-8,13,17.0,2,0,0,1,0.6,0.76,0.6799999999999999
15e7dff19830,3jO7X5KupvwmWTHGtHgcgo,Charly García,22,14,8,1,1,1,0,-8,14,18.0,2,0,0,1,0.58,0.74,0.6599999999999999
15e7dff19830,3AA28KZvwAUcZuOKwyblJQ,Gorillaz,23,47,15,1,1,1,0,24,23,35.0,2,0,0,1,0.56,0.08,0.32
15e7dff19830,4XWaILHqySwH1y6LhlYcsb,ilyTOMMY,24,999,999,1,0,0,1,999,24,24.0,1,1,0,0,0.54,0.0,0.54
15e7dff19830,2uYWxilOVlUdk4oV9DvwqK,Mitski,25,999,999,1,0,0,1,999,25,25.0,1,1,0,0,0.52,0.0,0.52
15e7dff19830,7GtPtPbDC5CLNzSNxVpqaf,Britney Manson,26,999,999,1,0,0,1,999,26,26.0,1,1,0,0,0.5,0.0,0.5
15e7dff19830,77SW9BnxLY8rJ0RciFqkHh,The Neighbourhood,27,9,999,1,1,0,1,-18,9,18.0,2,0,0,1,0.48,0.84,0.6599999999999999
15e7dff19830,3MZsBdqDrRTJihTHQrO6Dq,Joji,28,999,999,1,0,0,1,999,28,28.0,1,1,0,0,0.46,0.0,0.46
15e7dff19830,4yiQZ8tQPux8cPriYMWUFP,Gwen Stefani,29,999,999,1,0,0,1,999,29,29.0,1,1,0,0,0.44,0.0,0.44
15e7dff19830,0dlDsD7y6ccmDm8tuWCU6F,Freddie Dredd,30,999,999,1,0,0,1,999,30,30.0,1,1,0,0,0.42,0.0,0.42
15e7dff19830,37w38cCSGgKLdayTRjna4W,Mazzy Star,31,30,999,1,1,0,1,-1,30,30.5,2,0,0,1,0.4,0.42,0.41000000000000003
15e7dff19830,1QAJqy2dA3ihHBFIHRphZj,Cigarettes After Sex,32,999,999,1,0,0,1,999,32,32.0,1,1,0,0,0.38,0.0,0.38
15e7dff19830,73sIBHcqh3Z3NyqHKZ7FOL,Childish Gambino,33,999,999,1,0,0,1,999,33,33.0,1,1,0,0,0.36,0.0,0.36
15e7dff19830,78rUTD7y6Cy67W1RVzYs7t,PinkPantheress,34,33,999,1,1,0,1,-1,33,33.5,2,0,0,1,0.34,0.36,0.35
15e7dff19830,1aSxMhuvixZ8h9dK9jIDwL,Kate Bush,35,999,999,1,0,0,1,999,35,35.0,1,1,0,0,0.32,0.0,0.32
15e7dff19830,32ENZVmItiETXMCYfM1bbS,noturgf,36,999,999,1,0,0,1,999,36,36.0,1,1,0,0,0.3,0.0,0.3
15e7dff19830,57vWImR43h4CaDao012Ofp,Steve Lacy,37,999,999,1,0,0,1,999,37,37.0,1,1,0,0,0.28,0.0,0.28
15e7dff19830,48nHO1cuTbpx4ELhChsxX1,Sidewalks and Skeletons,38,999,999,1,0,0,1,999,38,38.0,1,1,0,0,0.26,0.0,0.26
15e7dff19830,5RTLRtXjbXI2lSXc6jxlAz,Ravyn Lenae,39,999,999,1,0,0,1,999,39,39.0,1,1,0,0,0.24,0.0,0.24
15e7dff19830,1wZtkThiXbVNtj6hee6dz9,Wisin & Yandel,40,8,999,1,1,0,1,-32,8,24.0,2,0,0,1,0.22,0.86,0.54
15e7dff19830,56ZTgzPBDge0OvCGgMO3OY,Beach House,41,26,999,1,1,0,1,-15,26,33.5,2,0,0,1,0.2,0.5,0.35
15e7dff19830,2YOYua8FpudSEiB9s88IgQ,Yung Gravy,42,16,19,1,1,1,0,-26,16,29.0,2,0,0,1,0.18,0.7,0.43999999999999995
15e7dff19830,4boI7bJtmB1L3b1cuL75Zr,Mon Laferte,43,999,999,1,0,0,1,999,43,43.0,1,1,0,0,0.16,0.0,0.16
15e7dff19830,3yY2gUcIsjMr8hjo51PoJ8,The Smiths,44,999,999,1,0,0,1,999,44,44.0,1,1,0,0,0.14,0.0,0.14
15e7dff19830,5K4W6rqBFWDnAN6FQUkS6x,Kanye West,45,10,999,1,1,0,1,-35,10,27.5,2,0,0,1,0.12,0.82,0.47
15e7dff19830,0EmeFodog0BfCgMzAIvKQp,Shakira,46,44,999,1,1,0,1,-2,44,45.0,2,0,0,1,0.1,0.14,0.12000000000000001
15e7dff19830,2F9pvj94b52wGKs0OqiNi2,Babasonicos,47,20,12,1,1,1,0,-27,20,33.5,2,0,0,1,0.08,0.62,0.35
15e7dff19830,3l0CmX0FuQjFxr8SK7Vqag,Clairo,48,999,999,1,0,0,1,999,48,48.0,1,1,0,0,0.06,0.0,0.06
15e7dff19830,2jSGzJw0ebJLu7OLVSOcBP,Plan B,49,999,999,1,0,0,1,999,49,49.0,1,1,0,0,0.04,0.0,0.04
15e7dff19830,6R26kGib2ubbZJMh7kKVGV,Bibi Babydoll,50,999,999,1,0,0,1,999,50,50.0,1,1,0,0,0.02,0.0,0.02
15e7dff19830,53kUGCuekuXoSYPISirZpl,Ziahfyah,999,6,17,0,1,1,0,999,6,6.0,1,0,1,0,0.0,0.9,0.9
15e7dff19830,3sGAu5R982Tf4ZuU2JfV55,Elysian Fields,999,7,9,0,1,1,0,999,7,7.0,1,0,1,0,0.0,0.88,0.88
15e7dff19830,5pKCCKE2ajJHZ9KAiaK11H,Rihanna,999,11,999,0,1,0,1,999,11,11.0,1,0,1,0,0.0,0.8,0.8
15e7dff19830,1yxSLGMDHlW21z4YXirZDS,Black Eyed Peas,999,12,7,0,1,1,0,999,12,12.0,1,0,1,0,0.0,0.78,0.78
15e7dff19830,1GImnM7WYVp95431ypofy9,Caifanes,999,17,6,0,1,1,0,999,17,17.0,1,0,1,0,0.0,0.68,0.68
15e7dff19830,0G7A5LzQAs2egiQl7hO5tV,Virus,999,22,999,0,1,0,1,999,22,22.0,1,0,1,0,0.0,0.58,0.58
15e7dff19830,2zRt0sfxNnqI8gLR7d8gWt,She Wants Revenge,999,24,999,0,1,0,1,999,24,24.0,1,0,1,0,0.0,0.54,0.54
15e7dff19830,700c9Qz2z6HZKTumeliKAw,LONOWN,999,25,5,0,1,1,0,999,25,25.0,1,0,1,0,0.0,0.52,0.52
15e7dff19830,3I0qU1hrivov2bftDy8xe1,8mm,999,29,999,0,1,0,1,999,29,29.0,1,0,1,0,0.0,0.44,0.44
15e7dff19830,4ClsVDy2g7RKSSlvq8cF6d,León Larregui,999,31,999,0,1,0,1,999,31,31.0,1,0,1,0,0.0,0.4,0.4
15e7dff19830,5yqxD8W7WnMJQZeoBU0Q66,Dj Bountyhunter,999,32,999,0,1,0,1,999,32,32.0,1,0,1,0,0.0,0.38,0.38
15e7dff19830,0TnOYISbd1XYRBk9myaseg,Pitbull,999,35,999,0,1,0,1,999,35,35.0,1,0,1,0,0.0,0.32,0.32
15e7dff19830,181bsRPaVXVlUKXrxwZfHK,Megan Thee Stallion,999,38,999,0,1,0,1,999,38,38.0,1,0,1,0,0.0,0.26,0.26
15e7dff19830,1uNFoZAHBGtllmzznpCI3s,Justin Bieber,999,39,999,0,1,0,1,999,39,39.0,1,0,1,0,0.0,0.24,0.24
15e7dff19830,2sSGPbdZJkaSE2AbcGOACx,The Marías,999,40,999,0,1,0,1,999,40,40.0,1,0,1,0,0.0,0.22,0.22
15e7dff19830,3q1NXsv9XypOUCJfEatXH9,Pescado Rabioso,999,41,999,0,1,0,1,999,41,41.0,1,0,1,0,0.0,0.2,0.2
15e7dff19830,63sUDHUqfA3nnI6cObrFsd,$undown,999,42,18,0,1,1,0,999,42,42.0,1,0,1,0,0.0,0.18,0.18
15e7dff19830,7kWsBaNC6mQlyMq4csfQMJ,VIP,999,43,999,0,1,0,1,999,43,43.0,1,0,1,0,0.0,0.16,0.16
15e7dff19830,1bZNv4q3OxYq7mmnLha7Tu,Fito Paez,999,45,11,0,1,1,0,999,45,45.0,1,0,1,0,0.0,0.12,0.12
15e7dff19830,1gALaWbNDnwS2ECV09sn2A,Nightcrawlers,999,46,999,0,1,0,1,999,46,46.0,1,0,1,0,0.0,0.1,0.1
15e7dff19830,4DFb3uFxOl0R1mZBmUPGvi,DJ DELACROIX,999,48,999,0,1,0,1,999,48,48.0,1,0,1,0,0.0,0.06,0.06
15e7dff19830,4TK1gDgb7QKoPFlzRrBRgR,Los Enanitos Verdes,999,49,16,0,1,1,0,999,49,49.0,1,0,1,0,0.0,0.04,0.04
15e7dff19830,6byQKddO1b34lXC2ZEjehQ,Patricio Rey y sus Redonditos de Ricota,999,50,999,0,1,0,1,999,50,50.0,1,0,1,0,0.0,0.02,0.02
19c73ab40cc6,7gW0r5CkdEUMm42w9XpyZO,Laufey,1,3,7,1,1,1,0,2,1,2.0,2,0,0,1,1.0,0.96,0.98
19c73ab40cc6,4q3ewBCX7sLwd24euuV69X,Bad Bunny,2,1,1,1,1,1,0,-1,1,1.5,2,0,0,1,0.98,1.0,0.99
19c73ab40cc6,1bAftSH8umNcGZ0uyV7LMg,Duki,3,8,999,1,1,0,1,5,3,5.5,2,0,0,1,0.96,0.86,0.9099999999999999
19c73ab40cc6,2YZyLoL8N0Wb9xBt1NhZWg,Kendrick Lamar,4,7,22,1,1,1,0,3,4,5.5,2,0,0,1,0.94,0.88,0.9099999999999999
19c73ab40cc6,246dkjvS1zLTtiykXe5h60,Post Malone,5,6,999,1,1,0,1,1,5,5.5,2,0,0,1,0.92,0.9,0.91
19c73ab40cc6,3TVXtAsR1Inumwj472S9r4,Drake,6,4,15,1,1,1,0,-2,4,5.0,2,0,0,1,0.9,0.94,0.9199999999999999
19c73ab40cc6,4LLpKhyESsyAXpc4laK94U,Mac Miller,7,5,4,1,1,1,0,-2,5,6.0,2,0,0,1,0.88,0.92,0.9
19c73ab40cc6,7Ln80lUS6He07XvHI8qqHH,Arctic Monkeys,8,2,11,1,1,1,0,-6,2,5.0,2,0,0,1,0.86,0.98,0.9199999999999999
19c73ab40cc6,5YCc6xS5Gpj3EkaYGdjyNK,WOS,9,10,6,1,1,1,0,1,9,9.5,2,0,0,1,0.84,0.82,0.83
19c73ab40cc6,06HL4z0CvFAxyc27GXpf02,Taylor Swift,10,28,999,1,1,0,1,18,10,19.0,2,0,0,1,0.82,0.46,0.64
19c73ab40cc6,716NhGYqD1jl2wI1Qkgq36,Bizarrap,11,24,13,1,1,1,0,13,11,17.5,2,0,0,1,0.8,0.54,0.67
19c73ab40cc6,1mcTU81TzQhprhouKaTkpq,Rauw Alejandro,12,9,8,1,1,1,0,-3,9,10.5,2,0,0,1,0.78,0.84,0.81
19c73ab40cc6,37MCoi4pcUf9EKsPXeuCqU,Tan Bionica,13,999,999,1,0,0,1,999,13,13.0,1,1,0,0,0.76,0.0,0.76
19c73ab40cc6,4gzpq5DPGxSnKTe4SA8HAU,Coldplay,14,39,999,1,1,0,1,25,14,26.5,2,0,0,1,0.74,0.24,0.49
19c73ab40cc6,4cJD9t5QBFTUQcd3xfbOb2,Dillom,15,18,999,1,1,0,1,3,15,16.5,2,0,0,1,0.72,0.66,0.69
19c73ab40cc6,2x7PC78TmgqpEIjaGAZ0Oz,Trueno,16,20,3,1,1,1,0,4,16,18.0,2,0,0,1,0.7,0.62,0.6599999999999999
19c73ab40cc6,6qqNVTkY8uBg9cP3Jd7DAH,Billie Eilish,17,25,999,1,1,0,1,8,17,21.0,2,0,0,1,0.68,0.52,0.6000000000000001
19c73ab40cc6,5TYxZTjIPqKM8K8NuP9woO,C. Tangana,18,19,2,1,1,1,0,1,18,18.5,2,0,0,1,0.66,0.64,0.65
19c73ab40cc6,0iEtIxbK0KxaSlF7G42ZOp,Metro Boomin,19,999,999,1,0,0,1,999,19,19.0,1,1,0,0,0.64,0.0,0.64
19c73ab40cc6,0GM7qgcRCORpGnfcN2tCiB,Tainy,20,23,9,1,1,1,0,3,20,21.5,2,0,0,1,0.62,0.56,0.5900000000000001
19c73ab40cc6,6jJ0s89eD6GaHleKKya26X,Katy Perry,21,35,999,1,1,0,1,14,21,28.0,2,0,0,1,0.6,0.32,0.45999999999999996
19c73ab40cc6,2UZIAOlrnyZmyzt1nuXr9y,Nicki Nicole,22,40,999,1,1,0,1,18,22,31.0,2,0,0,1,0.58,0.22,0.39999999999999997
19c73ab40cc6,6M2wZ9GZgrQXHCFfjv46we,Dua Lipa,23,32,999,1,1,0,1,9,23,27.5,2,0,0,1,0.56,0.38,0.47000000000000003
19c73ab40cc6,53XhwfbYqKCa1cC15pYq2q,Imagine Dragons,24,11,999,1,1,0,1,-13,11,17.5,2,0,0,1,0.54,0.8,0.67
19c73ab40cc6,74KM79TiuVKeVCqs8QtB0B,Sabrina Carpenter,25,999,999,1,0,0,1,999,25,25.0,1,1,0,0,0.52,0.0,0.52
19c73ab40cc6,4V8LLVI7PbaPR0K2TGSxFF,"Tyler, The Creator",26,14,18,1,1,1,0,-12,14,20.0,2,0,0,1,0.5,0.74,0.62
19c73ab40cc6,19HM5j0ULGSmEoRcrSe5x3,Milo j,27,999,999,1,0,0,1,999,27,27.0,1,1,0,0,0.48,0.0,0.48
19c73ab40cc6,04gDigrS5kc9YWfZHwBETP,Maroon 5,28,16,999,1,1,0,1,-12,16,22.0,2,0,0,1,0.46,0.7,0.58
19c73ab40cc6,0du5cEVh5yTK9QJze8zA0C,Bruno Mars,29,22,999,1,1,0,1,-7,22,25.5,2,0,0,1,0.44,0.58,0.51
19c73ab40cc6,7tYKF4w9nC0nq9CsPZTHyP,SZA,30,13,20,1,1,1,0,-17,13,21.5,2,0,0,1,0.42,0.76,0.59
19c73ab40cc6,5XJDexmWFLWOkjOEjOVX3e,Eladio Carrion,31,999,999,1,0,0,1,999,31,31.0,1,1,0,0,0.4,0.0,0.4
19c73ab40cc6,6KImCVD70vtIoJWnq6nGn3,Harry Styles,32,30,30,1,1,1,0,-2,30,31.0,2,0,0,1,0.38,0.42,0.4
19c73ab40cc6,2CpLIMBoE2ZzyY3ZBCRZ7j,BUNT.,33,29,27,1,1,1,0,-4,29,31.0,2,0,0,1,0.36,0.44,0.4
19c73ab40cc6,5HUVDs80ZZCRRB9grwWzZc,Jaze,34,999,999,1,0,0,1,999,34,34.0,1,1,0,0,0.34,0.0,0.34
19c73ab40cc6,60d24wfXkVzDSfLS6hyCjZ,Martin Garrix,35,26,999,1,1,0,1,-9,26,30.5,2,0,0,1,0.32,0.5,0.41000000000000003
19c73ab40cc6,6TIYQ3jFPwQSRmorSezPxX,mgk,36,999,999,1,0,0,1,999,36,36.0,1,1,0,0,0.3,0.0,0.3
19c73ab40cc6,6I8TDGeUmmLom8auKPzMdX,CA7RIEL & Paco Amoroso,37,999,999,1,0,0,1,999,37,37.0,1,1,0,0,0.28,0.0,0.28
19c73ab40cc6,0TnOYISbd1XYRBk9myaseg,Pitbull,38,49,999,1,1,0,1,11,38,43.5,2,0,0,1,0.26,0.04,0.15
19c73ab40cc6,66CXWjxzNUsdJxJ2JdwvnR,Ariana Grande,39,43,999,1,1,0,1,4,39,41.0,2,0,0,1,0.24,0.16,0.2
19c73ab40cc6,5Pwc4xIPtQLFEnJriah9YJ,OneRepublic,40,47,999,1,1,0,1,7,40,43.5,2,0,0,1,0.22,0.08,0.15
19c73ab40cc6,0Q8NcsJwoCbZOHHW63su5S,Mora,41,45,14,1,1,1,0,4,41,43.0,2,0,0,1,0.2,0.12,0.16
19c73ab40cc6,1Xyo4u8uXC1ZmMpatF05PJ,The Weeknd,42,12,12,1,1,1,0,-30,12,27.0,2,0,0,1,0.18,0.78,0.48
19c73ab40cc6,1uNFoZAHBGtllmzznpCI3s,Justin Bieber,43,31,999,1,1,0,1,-12,31,37.0,2,0,0,1,0.16,0.4,0.28
19c73ab40cc6,3YQKmKGau1PzlVlkL1iodx,Twenty One Pilots,44,999,999,1,0,0,1,999,44,44.0,1,1,0,0,0.14,0.0,0.14
19c73ab40cc6,536BYVgOnRky0xjsPT96zl,Two Door Cinema Club,45,999,999,1,0,0,1,999,45,45.0,1,1,0,0,0.12,0.0,0.12
19c73ab40cc6,1yxSLGMDHlW21z4YXirZDS,Black Eyed Peas,46,999,999,1,0,0,1,999,46,46.0,1,1,0,0,0.1,0.0,0.1
19c73ab40cc6,23fqKkggKUBHNkbKtXEls4,Kygo,47,999,999,1,0,0,1,999,47,47.0,1,1,0,0,0.08,0.0,0.08
19c73ab40cc6,3tAICgiSR5PfYY4B8qsoAU,Andrés Calamaro,48,999,999,1,0,0,1,999,48,48.0,1,1,0,0,0.06,0.0,0.06
19c73ab40cc6,14lvrkdaXxggonwjKZpePM,Chano,49,999,999,1,0,0,1,999,49,49.0,1,1,0,0,0.04,0.0,0.04
19c73ab40cc6,4dpARuHxo51G3z768sgnrY,Adele,50,999,999,1,0,0,1,999,50,50.0,1,1,0,0,0.02,0.0,0.02
19c73ab40cc6,00x1fYSGhdqScXBRpSj3DW,Olivia Dean,999,15,24,0,1,1,0,999,15,15.0,1,0,1,0,0.0,0.72,0.72
19c73ab40cc6,4OWNoqgNhNECnLCLcNf9JX,Leleco,999,17,999,0,1,0,1,999,17,17.0,1,0,1,0,0.0,0.68,0.68
19c73ab40cc6,4Ga1P7PMIsmqEZqhYZQgDo,Lil Tecca,999,21,17,0,1,1,0,999,21,21.0,1,0,1,0,0.0,0.6,0.6
19c73ab40cc6,53A0W3U0s8diEn9RhXQhVz,Keane,999,27,999,0,1,0,1,999,27,27.0,1,0,1,0,0.0,0.48,0.48
19c73ab40cc6,0GByy3DcfbQwDvXGCWmzv9,Pretenders,999,33,999,0,1,0,1,999,33,33.0,1,0,1,0,0.0,0.36,0.36
19c73ab40cc6,0SwO7SWeDHJijQ3XNS7xEE,MGMT,999,34,25,0,1,1,0,999,34,34.0,1,0,1,0,0.0,0.34,0.34
19c73ab40cc6,67hb7towEyKvt5Z8Bx306c,Empire Of The Sun,999,36,999,0,1,0,1,999,36,36.0,1,0,1,0,0.0,0.3,0.3
19c73ab40cc6,2sSGPbdZJkaSE2AbcGOACx,The Marías,999,37,999,0,1,0,1,999,37,37.0,1,0,1,0,0.0,0.28,0.28
19c73ab40cc6,3HrbmsYpKjWH1lzhad7alj,Los Auténticos Decadentes,999,38,999,0,1,0,1,999,38,38.0,1,0,1,0,0.0,0.26,0.26
19c73ab40cc6,3AA28KZvwAUcZuOKwyblJQ,Gorillaz,999,41,999,0,1,0,1,999,41,41.0,1,0,1,0,0.0,0.2,0.2
19c73ab40cc6,5INjqkS1o8h1imAzPqGZBb,Tame Impala,999,42,999,0,1,0,1,999,42,42.0,1,0,1,0,0.0,0.18,0.18
19c73ab40cc6,4m5LghDfOKFZNEBZ0GO1OQ,Jovem Dionisio,999,44,999,0,1,0,1,999,44,44.0,1,0,1,0,0.0,0.14,0.14
19c73ab40cc6,2DaxqgrOhkeH0fpeiQq2f4,Oasis,999,46,999,0,1,0,1,999,46,46.0,1,0,1,0,0.0,0.1,0.1
19c73ab40cc6,7dGJo4pcD2V6oG8kP0tJRR,Eminem,999,48,23,0,1,1,0,999,48,48.0,1,0,1,0,0.0,0.06,0.06
19c73ab40cc6,2D4FOOOtWycb3Aw9nY5n3c,Declan McKenna,999,50,999,0,1,0,1,999,50,50.0,1,0,1,0,0.0,0.02,0.02
2a37e50ec865,1HY2Jd0NmPuamShAr6KMms,Lady Gaga,1,15,33,1,1,1,0,14,1,8.0,2,0,0,1,1.0,0.72,0.86
2a37e50ec865,7CajNmpbOovFoOoasH2HaY,Calvin Harris,2,4,2,1,1,1,0,2,2,3.0,2,0,0,1,0.98,0.94,0.96
2a37e50ec865,18oYqNtcLUHrqO7LfX7qni,Nicholas Britell,3,5,7,1,1,1,0,2,3,4.0,2,0,0,1,0.96,0.92,0.94
2a37e50ec865,00FQb4jTyendYWaN8pK0wa,Lana Del Rey,4,2,9,1,1,1,0,-2,2,3.0,2,0,0,1,0.94,0.98,0.96
2a37e50ec865,0OcclcP5o8VKH2TRqSY2A7,Howard Shore,5,34,999,1,1,0,1,29,5,19.5,2,0,0,1,0.92,0.34,0.63
2a37e50ec865,1Xyo4u8uXC1ZmMpatF05PJ,The Weeknd,6,9,4,1,1,1,0,3,6,7.5,2,0,0,1,0.9,0.84,0.87
2a37e50ec865,4q3ewBCX7sLwd24euuV69X,Bad Bunny,7,1,5,1,1,1,0,-6,1,4.0,2,0,0,1,0.88,1.0,0.94
2a37e50ec865,5cj0lLjcoR7YOSnhnX0Po5,Doja Cat,8,6,16,1,1,1,0,-2,6,7.0,2,0,0,1,0.86,0.9,0.88
2a37e50ec865,5pKCCKE2ajJHZ9KAiaK11H,Rihanna,9,3,8,1,1,1,0,-6,3,6.0,2,0,0,1,0.84,0.96,0.8999999999999999
2a37e50ec865,6jJ0s89eD6GaHleKKya26X,Katy Perry,10,46,999,1,1,0,1,36,10,28.0,2,0,0,1,0.82,0.1,0.45999999999999996
2a37e50ec865,66CXWjxzNUsdJxJ2JdwvnR,Ariana Grande,11,7,17,1,1,1,0,-4,7,9.0,2,0,0,1,0.8,0.88,0.8400000000000001
2a37e50ec865,1Cs0zKBU1kc0i8ypK3B9ai,David Guetta,12,14,11,1,1,1,0,2,12,13.0,2,0,0,1,0.78,0.74,0.76
2a37e50ec865,53A0W3U0s8diEn9RhXQhVz,Keane,13,11,1,1,1,1,0,-2,11,12.0,2,0,0,1,0.76,0.8,0.78
2a37e50ec865,25uiPmTg16RbhZWAqwLBy5,Charli xcx,14,16,999,1,1,0,1,2,14,15.0,2,0,0,1,0.74,0.7,0.72
2a37e50ec865,0hCNtLu0JehylgoiP8L4Gh,Nicki Minaj,15,999,34,1,0,1,0,999,15,15.0,1,1,0,0,0.72,0.0,0.72
2a37e50ec865,3dRfiJ2650SZu6GbydcHNb,John Williams,16,24,999,1,1,0,1,8,16,20.0,2,0,0,1,0.7,0.54,0.62
2a37e50ec865,0LcJLqbBmaGUft1e9Mm8HV,ABBA,17,50,999,1,1,0,1,33,17,33.5,2,0,0,1,0.68,0.02,0.35000000000000003
2a37e50ec865,7Ln80lUS6He07XvHI8qqHH,Arctic Monkeys,18,17,999,1,1,0,1,-1,17,17.5,2,0,0,1,0.66,0.68,0.67
2a37e50ec865,4VMYDCV2IEDYJArk749S6m,Daddy Yankee,19,8,15,1,1,1,0,-11,8,13.5,2,0,0,1,0.64,0.86,0.75
2a37e50ec865,06HL4z0CvFAxyc27GXpf02,Taylor Swift,20,13,999,1,1,0,1,-7,13,16.5,2,0,0,1,0.62,0.76,0.69
2a37e50ec865,6M2wZ9GZgrQXHCFfjv46we,Dua Lipa,21,999,999,1,0,0,1,999,21,21.0,1,1,0,0,0.6,0.0,0.6
2a37e50ec865,2YZyLoL8N0Wb9xBt1NhZWg,Kendrick Lamar,22,36,999,1,1,0,1,14,22,29.0,2,0,0,1,0.58,0.3,0.43999999999999995
2a37e50ec865,6VuMaDnrHyPL1p4EHjYLi7,Charlie Puth,23,999,999,1,0,0,1,999,23,23.0,1,1,0,0,0.56,0.0,0.56
2a37e50ec865,4gzpq5DPGxSnKTe4SA8HAU,Coldplay,24,44,13,1,1,1,0,20,24,34.0,2,0,0,1,0.54,0.14,0.34
2a37e50ec865,1eClJfHLoDI4rZe5HxzBFv,INXS,25,35,999,1,1,0,1,10,25,30.0,2,0,0,1,0.52,0.32,0.42000000000000004
2a37e50ec865,33NVpKoXjItPwUJTMZIOiY,David Kushner,26,999,999,1,0,0,1,999,26,26.0,1,1,0,0,0.5,0.0,0.5
2a37e50ec865,33ScadVnbm2X8kkUqOkC6Z,Don Omar,27,32,27,1,1,1,0,5,27,29.5,2,0,0,1,0.48,0.38,0.43
2a37e50ec865,13ubrt8QOOCPljQ2FL1Kca,A$AP Rocky,28,999,999,1,0,0,1,999,28,28.0,1,1,0,0,0.46,0.0,0.46
2a37e50ec865,0Riv2KnFcLZA3JSVryRg4y,Sawano Hiroyuki,29,999,999,1,0,0,1,999,29,29.0,1,1,0,0,0.44,0.0,0.44
2a37e50ec865,0Y5tJX1MQlPlqiwlOH1tJY,Travis Scott,30,999,999,1,0,0,1,999,30,30.0,1,1,0,0,0.42,0.0,0.42
2a37e50ec865,1hCkSJcXREhrodeIHQdav8,Ramin Djawadi,31,999,999,1,0,0,1,999,31,31.0,1,1,0,0,0.4,0.0,0.4
2a37e50ec865,5K4W6rqBFWDnAN6FQUkS6x,Kanye West,32,21,20,1,1,1,0,-11,21,26.5,2,0,0,1,0.38,0.6,0.49
2a37e50ec865,762310PdDnwsDxAQxzQkfX,Depeche Mode,33,999,21,1,0,1,0,999,33,33.0,1,1,0,0,0.36,0.0,0.36
2a37e50ec865,4bthk9UfsYUYdcFyqxmSUU,Tears For Fears,34,41,999,1,1,0,1,7,34,37.5,2,0,0,1,0.34,0.2,0.27
2a37e50ec865,67hb7towEyKvt5Z8Bx306c,Empire Of The Sun,35,999,999,1,0,0,1,999,35,35.0,1,1,0,0,0.32,0.0,0.32
2a37e50ec865,4Zc9ID5YsCSgTf2l00RmiU,Masami Ueda,36,999,999,1,0,0,1,999,36,36.0,1,1,0,0,0.3,0.0,0.3
2a37e50ec865,1Sdc6ySbIvzO0X9vbyHzWm,Ogryzek,37,999,999,1,0,0,1,999,37,37.0,1,1,0,0,0.28,0.0,0.28
2a37e50ec865,3Xd2WSaNywx5gn1pgRPFjF,Eternxlkz,38,999,999,1,0,0,1,999,38,38.0,1,1,0,0,0.26,0.0,0.26
2a37e50ec865,21451j1KhjAiaYKflxBjr1,Zion & Lennox,39,19,999,1,1,0,1,-20,19,29.0,2,0,0,1,0.24,0.64,0.44
2a37e50ec865,7An4yvF7hDYDolN4m5zKBp,Soda Stereo,40,28,29,1,1,1,0,-12,28,34.0,2,0,0,1,0.22,0.46,0.34
2a37e50ec865,1n0pe6Cx9pCNvXYkX9TTLX,Real Life,41,999,999,1,0,0,1,999,41,41.0,1,1,0,0,0.2,0.0,0.2
2a37e50ec865,1uNFoZAHBGtllmzznpCI3s,Justin Bieber,42,10,28,1,1,1,0,-32,10,26.0,2,0,0,1,0.18,0.82,0.5
2a37e50ec865,1i8SpTcr7yvPOmcqrbnVXY,Ozuna,43,999,999,1,0,0,1,999,43,43.0,1,1,0,0,0.16,0.0,0.16
2a37e50ec865,4tZwfgrHOc3mvqYlEYSvVi,Daft Punk,44,999,999,1,0,0,1,999,44,44.0,1,1,0,0,0.14,0.0,0.14
2a37e50ec865,1dfeR4HaWDbWqFHLkxsg1d,Queen,45,999,999,1,0,0,1,999,45,45.0,1,1,0,0,0.12,0.0,0.12
2a37e50ec865,7Ey4PD4MYsKc5I2dolUwbH,Aerosmith,46,39,10,1,1,1,0,-7,39,42.5,2,0,0,1,0.1,0.24,0.16999999999999998
2a37e50ec865,54R6Y0I7jGUCveDTtI21nb,Boney M.,47,30,999,1,1,0,1,-17,30,38.5,2,0,0,1,0.08,0.42,0.25
2a37e50ec865,0TnOYISbd1XYRBk9myaseg,Pitbull,48,12,3,1,1,1,0,-36,12,30.0,2,0,0,1,0.06,0.78,0.42000000000000004
2a37e50ec865,0g0ZYLiNYI4kMg8MX76bkN,mikeeysmind,49,999,999,1,0,0,1,999,49,49.0,1,1,0,0,0.04,0.0,0.04
2a37e50ec865,77SW9BnxLY8rJ0RciFqkHh,The Neighbourhood,50,999,999,1,0,0,1,999,50,50.0,1,1,0,0,0.02,0.0,0.02
2a37e50ec865,1wZtkThiXbVNtj6hee6dz9,Wisin & Yandel,999,18,12,0,1,1,0,999,18,18.0,1,0,1,0,0.0,0.66,0.66
2a37e50ec865,2R21vXR83lH98kGeO99Y66,Anuel AA,999,20,999,0,1,0,1,999,20,20.0,1,0,1,0,0.0,0.62,0.62
2a37e50ec865,0lZoBs4Pzo7R89JM9lxwoT,Duran Duran,999,22,30,0,1,1,0,999,22,22.0,1,0,1,0,0.0,0.58,0.58
2a37e50ec865,77tT1kLj6mCWtFNqiOmP9H,Daryl Hall & John Oates,999,23,6,0,1,1,0,999,23,23.0,1,0,1,0,0.0,0.56,0.56
2a37e50ec865,3TVXtAsR1Inumwj472S9r4,Drake,999,25,32,0,1,1,0,999,25,25.0,1,0,1,0,0.0,0.52,0.52
2a37e50ec865,5ksRONqssB7BR161NTtJAm,Ace of Base,999,26,14,0,1,1,0,999,26,26.0,1,0,1,0,0.0,0.5,0.5
2a37e50ec865,700c9Qz2z6HZKTumeliKAw,LONOWN,999,27,999,0,1,0,1,999,27,27.0,1,0,1,0,0.0,0.48,0.48
2a37e50ec865,0jnsk9HBra6NMjO2oANoPY,Flo Rida,999,29,26,0,1,1,0,999,29,29.0,1,0,1,0,0.0,0.44,0.44
2a37e50ec865,1pR1W2iWfLwtMK776UeIcF,Cult Member,999,31,999,0,1,0,1,999,31,31.0,1,0,1,0,0.0,0.4,0.4
2a37e50ec865,0HTe9EZNu88PPSaDDOPpdq,Talento de Barrio,999,33,999,0,1,0,1,999,33,33.0,1,0,1,0,0.0,0.36,0.36
2a37e50ec865,7gRhy3MIPHQo5CXYfWaw9I,Azealia Banks,999,37,999,0,1,0,1,999,37,37.0,1,0,1,0,0.0,0.28,0.28
2a37e50ec865,3fMbdgg4jU18AjLCKBhRSm,Michael Jackson,999,38,23,0,1,1,0,999,38,38.0,1,0,1,0,0.0,0.26,0.26
2a37e50ec865,5INjqkS1o8h1imAzPqGZBb,Tame Impala,999,40,999,0,1,0,1,999,40,40.0,1,0,1,0,0.0,0.22,0.22
2a37e50ec865,1vCWHaC5f2uS3yhpwWbIA6,Avicii,999,42,22,0,1,1,0,999,42,42.0,1,0,1,0,0.0,0.18,0.18
2a37e50ec865,3yY2gUcIsjMr8hjo51PoJ8,The Smiths,999,43,999,0,1,0,1,999,43,43.0,1,0,1,0,0.0,0.16,0.16
2a37e50ec865,7tU1VKOuxiNZwBZC6RHidA,Alexis y Fido,999,45,999,0,1,0,1,999,45,45.0,1,0,1,0,0.0,0.12,0.12
2a37e50ec865,6tbjWDEIzxoDsBA1FuhfPW,Madonna,999,47,19,0,1,1,0,999,47,47.0,1,0,1,0,0.0,0.08,0.08
2a37e50ec865,0EmeFodog0BfCgMzAIvKQp,Shakira,999,48,999,0,1,0,1,999,48,48.0,1,0,1,0,0.0,0.06,0.06
2a37e50ec865,2bdcBjvuI9worc472GbeU0,Samuel Kim,999,49,999,0,1,0,1,999,49,49.0,1,0,1,0,0.0,0.04,0.04
4c93f67cac84,4LLpKhyESsyAXpc4laK94U,Mac Miller,1,1,3,1,1,1,0,0,1,1.0,2,0,0,1,1.0,1.0,1.0
4c93f67cac84,05fG473iIaoy82BF1aGhL8,Slipknot,2,7,5,1,1,1,0,5,2,4.5,2,0,0,1,0.98,0.88,0.9299999999999999
4c93f67cac84,6TIYQ3jFPwQSRmorSezPxX,mgk,3,2,4,1,1,1,0,-1,2,2.5,2,0,0,1,0.96,0.98,0.97
4c93f67cac84,4puAp107dCehraE47QXVQX,C.R.O,4,3,2,1,1,1,0,-1,3,3.5,2,0,0,1,0.94,0.96,0.95
4c93f67cac84,4nXOZlYoAD67hF9aUEncMY,Pouya,5,10,13,1,1,1,0,5,5,7.5,2,0,0,1,0.92,0.82,0.87
4c93f67cac84,1bAftSH8umNcGZ0uyV7LMg,Duki,6,11,9,1,1,1,0,5,6,8.5,2,0,0,1,0.9,0.8,0.8500000000000001
4c93f67cac84,6l3HvQ5sa6mXTsMTB19rO5,J. Cole,7,4,10,1,1,1,0,-3,4,5.5,2,0,0,1,0.88,0.94,0.9099999999999999
4c93f67cac84,5H4yInM5zmHqpKIoMNAx4r,Central Cee,8,8,8,1,1,1,0,0,8,8.0,2,0,0,1,0.86,0.86,0.86
4c93f67cac84,4cJD9t5QBFTUQcd3xfbOb2,Dillom,9,16,12,1,1,1,0,7,9,12.5,2,0,0,1,0.84,0.7,0.77
4c93f67cac84,1VPmR4DJC1PlOtd0IADAO0,$uicideboy$,10,24,19,1,1,1,0,14,10,17.0,2,0,0,1,0.82,0.54,0.6799999999999999
4c93f67cac84,3RNrq3jvMZxD9ZyoOZbQOD,Korn,11,6,1,1,1,1,0,-5,6,8.5,2,0,0,1,0.8,0.9,0.8500000000000001
4c93f67cac84,13ubrt8QOOCPljQ2FL1Kca,A$AP Rocky,12,5,14,1,1,1,0,-7,5,8.5,2,0,0,1,0.78,0.92,0.8500000000000001
4c93f67cac84,1Qp56T7n950O3EGMsSl81D,Ghost,13,9,6,1,1,1,0,-4,9,11.0,2,0,0,1,0.76,0.84,0.8
4c93f67cac84,1nzgtKYFckznkcVMR3Gg4z,KSI,14,23,31,1,1,1,0,9,14,18.5,2,0,0,1,0.74,0.56,0.65
4c93f67cac84,0fA0VVWsXO9YnASrzqfmYu,Kid Cudi,15,42,34,1,1,1,0,27,15,28.5,2,0,0,1,0.72,0.18,0.44999999999999996
4c93f67cac84,4q3ewBCX7sLwd24euuV69X,Bad Bunny,16,15,999,1,1,0,1,-1,15,15.5,2,0,0,1,0.7,0.72,0.71
4c93f67cac84,7dGJo4pcD2V6oG8kP0tJRR,Eminem,17,17,22,1,1,1,0,0,17,17.0,2,0,0,1,0.68,0.68,0.68
4c93f67cac84,5Q2fyL2TcdUY9IqKTkGk5G,Bardero$,18,33,999,1,1,0,1,15,18,25.5,2,0,0,1,0.66,0.36,0.51
4c93f67cac84,2cFrymmkijnjDg9SS92EPM,blackbear,19,20,15,1,1,1,0,1,19,19.5,2,0,0,1,0.64,0.62,0.63
4c93f67cac84,6fxyWrfmjcbj5d12gXeiNV,Denzel Curry,20,18,23,1,1,1,0,-2,18,19.0,2,0,0,1,0.62,0.66,0.64
4c93f67cac84,6XyY86QOPPrYVGvF9ch6wz,Linkin Park,21,22,11,1,1,1,0,1,21,21.5,2,0,0,1,0.6,0.58,0.59
4c93f67cac84,716NhGYqD1jl2wI1Qkgq36,Bizarrap,22,47,999,1,1,0,1,25,22,34.5,2,0,0,1,0.58,0.08,0.32999999999999996
4c93f67cac84,2IDLDx25HU1nQMKde4n61a,Rich Brian,23,35,999,1,1,0,1,12,23,29.0,2,0,0,1,0.56,0.32,0.44000000000000006
4c93f67cac84,2kCcBybjl3SAtIcwdWpUe3,Lil Peep,24,31,17,1,1,1,0,7,24,27.5,2,0,0,1,0.54,0.4,0.47000000000000003
4c93f67cac84,5K4W6rqBFWDnAN6FQUkS6x,Kanye West,25,13,28,1,1,1,0,-12,13,19.0,2,0,0,1,0.52,0.76,0.64
4c93f67cac84,1Xyo4u8uXC1ZmMpatF05PJ,The Weeknd,26,32,999,1,1,0,1,6,26,29.0,2,0,0,1,0.5,0.38,0.44
4c93f67cac84,4MCBfE4596Uoi2O4DtmEMz,Juice WRLD,27,27,36,1,1,1,0,0,27,27.0,2,0,0,1,0.48,0.48,0.48
4c93f67cac84,4V8LLVI7PbaPR0K2TGSxFF,"Tyler, The Creator",28,19,21,1,1,1,0,-9,19,23.5,2,0,0,1,0.46,0.64,0.55
4c93f67cac84,5YCc6xS5Gpj3EkaYGdjyNK,WOS,29,28,999,1,1,0,1,-1,28,28.5,2,0,0,1,0.44,0.46,0.45
4c93f67cac84,6ASri4ePR7RlsvIQgWPJpS,iann dior,30,46,27,1,1,1,0,16,30,38.0,2,0,0,1,0.42,0.1,0.26
4c93f67cac84,6tvDaHOPNWfkc9Q8IghqSR,Walls,31,39,999,1,1,0,1,8,31,35.0,2,0,0,1,0.4,0.24,0.32
4c93f67cac84,3FoFW2AoUGRHBacC6i4x4p,Russ Millions,32,999,999,1,0,0,1,999,32,32.0,1,1,0,0,0.38,0.0,0.38
4c93f67cac84,1U1el3k54VvEUzo3ybLPlM,Kali Uchis,33,50,999,1,1,0,1,17,33,41.5,2,0,0,1,0.36,0.02,0.19
4c93f67cac84,1URnnhqYAYcrqrcwql10ft,21 Savage,34,36,999,1,1,0,1,2,34,35.0,2,0,0,1,0.34,0.3,0.32
4c93f67cac84,6C1ohJrd5VydigQtaGy5Wa,Joyner Lucas,35,29,16,1,1,1,0,-6,29,32.0,2,0,0,1,0.32,0.44,0.38
4c93f67cac84,7d3WFRME3vBY2cgoP38RDo,Lil Skies,36,999,999,1,0,0,1,999,36,36.0,1,1,0,0,0.3,0.0,0.3
4c93f67cac84,7Ln80lUS6He07XvHI8qqHH,Arctic Monkeys,37,48,999,1,1,0,1,11,37,42.5,2,0,0,1,0.28,0.06,0.17
4c93f67cac84,0lAWpj5szCSwM4rUMHYmrr,Måneskin,38,34,24,1,1,1,0,-4,34,36.0,2,0,0,1,0.26,0.34,0.30000000000000004
4c93f67cac84,3Gm5F95VdRxW3mqCn8RPBJ,Aminé,39,21,20,1,1,1,0,-18,21,30.0,2,0,0,1,0.24,0.6,0.42
4c93f67cac84,0ErzCpIMyLcjPiwT4elrtZ,NLE Choppa,40,26,33,1,1,1,0,-14,26,33.0,2,0,0,1,0.22,0.5,0.36
4c93f67cac84,2YZyLoL8N0Wb9xBt1NhZWg,Kendrick Lamar,41,25,25,1,1,1,0,-16,25,33.0,2,0,0,1,0.2,0.52,0.36
4c93f67cac84,5rHC8VSODpT9V7a8ZQu1h6,ORO600,42,41,18,1,1,1,0,-1,41,41.5,2,0,0,1,0.18,0.2,0.19
4c93f67cac84,00FQb4jTyendYWaN8pK0wa,Lana Del Rey,43,45,999,1,1,0,1,2,43,44.0,2,0,0,1,0.16,0.12,0.14
4c93f67cac84,1ZwdS5xdxEREPySFridCfh,2Pac,44,12,30,1,1,1,0,-32,12,28.0,2,0,0,1,0.14,0.78,0.46
4c93f67cac84,79VoIbX3rTrc52fw3B84B9,El Princi,45,999,999,1,0,0,1,999,45,45.0,1,1,0,0,0.12,0.0,0.12
4c93f67cac84,1vqR17Iv8VFdzure1TAXEq,LIT killah,46,999,32,1,0,1,0,999,46,46.0,1,1,0,0,0.1,0.0,0.1
4c93f67cac84,0huGjMyP507tBCARyzSkrv,Cordae,47,38,29,1,1,1,0,-9,38,42.5,2,0,0,1,0.08,0.26,0.17
4c93f67cac84,3TVXtAsR1Inumwj472S9r4,Drake,48,999,999,1,0,0,1,999,48,48.0,1,1,0,0,0.06,0.0,0.06
4c93f67cac84,0eDvMgVFoNV3TpwtrVCoTj,Pop Smoke,49,37,999,1,1,0,1,-12,37,43.0,2,0,0,1,0.04,0.28,0.16
4c93f67cac84,5me0Irg2ANcsgc93uaYrpb,The Notorious B.I.G.,50,14,26,1,1,1,0,-36,14,32.0,2,0,0,1,0.02,0.74,0.38
4c93f67cac84,6pCBRiHhyUMQBqs0WUSxEL,FRO!,999,30,7,0,1,1,0,999,30,30.0,1,0,1,0,0.0,0.42,0.42
4c93f67cac84,3E12tRURRvPfHz0hAMCFYc,Omar Courtz,999,40,999,0,1,0,1,999,40,40.0,1,0,1,0,0.0,0.22,0.22
4c93f67cac84,1vyhD5VmyZ7KMfW5gqLgo5,J Balvin,999,43,999,0,1,0,1,999,43,43.0,1,0,1,0,0.0,0.16,0.16
4c93f67cac84,6eXZu6O7nAUA5z6vLV8NKI,Little Simz,999,44,999,0,1,0,1,999,44,44.0,1,0,1,0,0.0,0.14,0.14
4c93f67cac84,7u160I5qtBYZTQMLEIJmyz,Borgore,999,49,999,0,1,0,1,999,49,49.0,1,0,1,0,0.0,0.04,0.04
74863a38faa4,0ys2OFYzWYB5hRDLCsBqxt,Fuerza Regida,1,4,12,1,1,1,0,3,1,2.5,2,0,0,1,1.0,0.94,0.97
74863a38faa4,6XkjpgcEsYab502Vr1bBeW,Grupo Frontera,2,5,8,1,1,1,0,3,2,3.5,2,0,0,1,0.98,0.92,0.95
74863a38faa4,4q3ewBCX7sLwd24euuV69X,Bad Bunny,3,3,11,1,1,1,0,0,3,3.0,2,0,0,1,0.96,0.96,0.96
74863a38faa4,0Q8NcsJwoCbZOHHW63su5S,Mora,4,7,5,1,1,1,0,3,4,5.5,2,0,0,1,0.94,0.88,0.9099999999999999
74863a38faa4,5eumcnUkdmGvkvcsx1WFNG,Tito Double P,5,14,2,1,1,1,0,9,5,9.5,2,0,0,1,0.92,0.74,0.8300000000000001
74863a38faa4,4OWNoqgNhNECnLCLcNf9JX,Leleco,6,12,999,1,1,0,1,6,6,9.0,2,0,0,1,0.9,0.78,0.8400000000000001
74863a38faa4,1sLot73qJ4Vbh4nPuwzvj9,Salamandra,7,1,1,1,1,1,0,-6,1,4.0,2,0,0,1,0.88,1.0,0.94
74863a38faa4,0epOFNiUfyON9EYx7Tpr6V,The Strokes,8,2,10,1,1,1,0,-6,2,5.0,2,0,0,1,0.86,0.98,0.9199999999999999
74863a38faa4,0XwVARXT135rw8lyw1EeWP,Christian Nodal,9,21,999,1,1,0,1,12,9,15.0,2,0,0,1,0.84,0.6,0.72
74863a38faa4,1mcTU81TzQhprhouKaTkpq,Rauw Alejandro,10,29,999,1,1,0,1,19,10,19.5,2,0,0,1,0.82,0.44,0.63
74863a38faa4,2DaxqgrOhkeH0fpeiQq2f4,Oasis,11,18,43,1,1,1,0,7,11,14.5,2,0,0,1,0.8,0.66,0.73
74863a38faa4,12GqGscKJx3aE4t07u7eVZ,Peso Pluma,12,26,23,1,1,1,0,14,12,19.0,2,0,0,1,0.78,0.5,0.64
74863a38faa4,7Gi6gjaWy3DxyilpF1a8Is,Junior H,13,20,27,1,1,1,0,7,13,16.5,2,0,0,1,0.76,0.62,0.69
74863a38faa4,74KM79TiuVKeVCqs8QtB0B,Sabrina Carpenter,14,8,4,1,1,1,0,-6,8,11.0,2,0,0,1,0.74,0.86,0.8
74863a38faa4,0GM7qgcRCORpGnfcN2tCiB,Tainy,15,11,28,1,1,1,0,-4,11,13.0,2,0,0,1,0.72,0.8,0.76
74863a38faa4,0elWFr7TW8piilVRYJUe4P,Natanael Cano,16,33,29,1,1,1,0,17,16,24.5,2,0,0,1,0.7,0.36,0.53
74863a38faa4,6bxlchoOipKgLaJKgoCzOZ,Kchiporros,17,13,26,1,1,1,0,-4,13,15.0,2,0,0,1,0.68,0.76,0.72
74863a38faa4,52iwsT98xCoGgiGntTiR7K,Quevedo,18,999,999,1,0,0,1,999,18,18.0,1,1,0,0,0.66,0.0,0.66
74863a38faa4,6jRUKVZllu1wtgXHbqvUmT,El Kuelgue,19,16,6,1,1,1,0,-3,16,17.5,2,0,0,1,0.64,0.7,0.6699999999999999
74863a38faa4,4boI7bJtmB1L3b1cuL75Zr,Mon Laferte,20,24,18,1,1,1,0,4,20,22.0,2,0,0,1,0.62,0.54,0.5800000000000001
74863a38faa4,7Ln80lUS6He07XvHI8qqHH,Arctic Monkeys,21,10,25,1,1,1,0,-11,10,15.5,2,0,0,1,0.6,0.82,0.71
74863a38faa4,3XGlCtII7O0K0SvCwAj0Wx,Qmbia Juan,22,43,999,1,1,0,1,21,22,32.5,2,0,0,1,0.58,0.16,0.37
74863a38faa4,2B8HcBRTizIsSPryM46Sb1,Só Pra Contrariar,23,999,999,1,0,0,1,999,23,23.0,1,1,0,0,0.56,0.0,0.56
74863a38faa4,2F9pvj94b52wGKs0OqiNi2,Babasonicos,24,999,34,1,0,1,0,999,24,24.0,1,1,0,0,0.54,0.0,0.54
74863a38faa4,3HrbmsYpKjWH1lzhad7alj,Los Auténticos Decadentes,25,34,49,1,1,1,0,9,25,29.5,2,0,0,1,0.52,0.34,0.43000000000000005
74863a38faa4,6ZiADXvihvsYB0hCyHPbg1,Néstor Ló y Los Caminantes,26,44,999,1,1,0,1,18,26,35.0,2,0,0,1,0.5,0.14,0.32
74863a38faa4,5J7rXWjtn5HzUkJ4Jet8Fr,Alvaro Diaz,27,19,13,1,1,1,0,-8,19,23.0,2,0,0,1,0.48,0.64,0.56
74863a38faa4,4Y3OSkeYcOxlhUhFX97UHo,Area 69,28,999,999,1,0,0,1,999,28,28.0,1,1,0,0,0.46,0.0,0.46
74863a38faa4,716NhGYqD1jl2wI1Qkgq36,Bizarrap,29,999,999,1,0,0,1,999,29,29.0,1,1,0,0,0.44,0.0,0.44
74863a38faa4,37MCoi4pcUf9EKsPXeuCqU,Tan Bionica,30,17,3,1,1,1,0,-13,17,23.5,2,0,0,1,0.42,0.68,0.55
74863a38faa4,7pbDxGE6nQSZVfiFdq9lOL,Rex Orange County,31,27,33,1,1,1,0,-4,27,29.0,2,0,0,1,0.4,0.48,0.44
74863a38faa4,1RnHJ07H3jcpay9PrUPjnt,Raça Negra,32,999,999,1,0,0,1,999,32,32.0,1,1,0,0,0.38,0.0,0.38
74863a38faa4,0du5cEVh5yTK9QJze8zA0C,Bruno Mars,33,37,999,1,1,0,1,4,33,35.0,2,0,0,1,0.36,0.28,0.32
74863a38faa4,7okwEbXzyT2VffBmyQBWLz,Maná,34,6,16,1,1,1,0,-28,6,20.0,2,0,0,1,0.34,0.9,0.62
74863a38faa4,1bAftSH8umNcGZ0uyV7LMg,Duki,35,41,999,1,1,0,1,6,35,38.0,2,0,0,1,0.32,0.2,0.26
74863a38faa4,3E12tRURRvPfHz0hAMCFYc,Omar Courtz,36,999,37,1,0,1,0,999,36,36.0,1,1,0,0,0.3,0.0,0.3
74863a38faa4,6OBGbSaBUvQtk9wpQfDbOE,Kevin Kaarl,37,9,999,1,1,0,1,-28,9,23.0,2,0,0,1,0.28,0.84,0.56
74863a38faa4,7wTu5u7W3kc9Id5JAvSAFV,Viejas Locas,38,999,999,1,0,0,1,999,38,38.0,1,1,0,0,0.26,0.0,0.26
74863a38faa4,26T3LtbuGT1Fu9m0eRq5X3,Cage The Elephant,39,28,999,1,1,0,1,-11,28,33.5,2,0,0,1,0.24,0.46,0.35
74863a38faa4,4V8LLVI7PbaPR0K2TGSxFF,"Tyler, The Creator",40,999,999,1,0,0,1,999,40,40.0,1,1,0,0,0.22,0.0,0.22
74863a38faa4,1wZtkThiXbVNtj6hee6dz9,Wisin & Yandel,41,45,42,1,1,1,0,4,41,43.0,2,0,0,1,0.2,0.12,0.16
74863a38faa4,0C0XlULifJtAgn6ZNCW2eu,The Killers,42,15,19,1,1,1,0,-27,15,28.5,2,0,0,1,0.18,0.72,0.44999999999999996
74863a38faa4,2IMZYfNi21MGqxopj9fWx8,Rels B,43,999,46,1,0,1,0,999,43,43.0,1,1,0,0,0.16,0.0,0.16
74863a38faa4,1vyhD5VmyZ7KMfW5gqLgo5,J Balvin,44,999,999,1,0,0,1,999,44,44.0,1,1,0,0,0.14,0.0,0.14
74863a38faa4,2qWK8K2Jfh67UqtwY8tCW6,YSY A,45,999,999,1,0,0,1,999,45,45.0,1,1,0,0,0.12,0.0,0.12
74863a38faa4,246dkjvS1zLTtiykXe5h60,Post Malone,46,999,999,1,0,0,1,999,46,46.0,1,1,0,0,0.1,0.0,0.1
74863a38faa4,7yQrcdkLdBAkV7yY9fF2Hw,Grupo Revelação,47,999,999,1,0,0,1,999,47,47.0,1,1,0,0,0.08,0.0,0.08
74863a38faa4,6dLuQ5qXxIuWc5urxfIiZR,Calle 24,48,40,999,1,1,0,1,-8,40,44.0,2,0,0,1,0.06,0.22,0.14
74863a38faa4,04gDigrS5kc9YWfZHwBETP,Maroon 5,49,999,999,1,0,0,1,999,49,49.0,1,1,0,0,0.04,0.0,0.04
74863a38faa4,5XJDexmWFLWOkjOEjOVX3e,Eladio Carrion,50,999,999,1,0,0,1,999,50,50.0,1,1,0,0,0.02,0.0,0.02
74863a38faa4,3f4CvU22jFdNIY5wsYnk6F,c n d,999,22,7,0,1,1,0,999,22,22.0,1,0,1,0,0.0,0.58,0.58
74863a38faa4,3JSSjGYcIkgsrz7892CelT,Ed Maverick,999,23,999,0,1,0,1,999,23,23.0,1,0,1,0,0.0,0.56,0.56
74863a38faa4,7tU1VKOuxiNZwBZC6RHidA,Alexis y Fido,999,25,999,0,1,0,1,999,25,25.0,1,0,1,0,0.0,0.52,0.52
74863a38faa4,0L8ExT028jH3ddEcZwqJJ5,Red Hot Chili Peppers,999,30,22,0,1,1,0,999,30,30.0,1,0,1,0,0.0,0.42,0.42
74863a38faa4,6x87eYql5aUn7gBRe1KEKb,Chapa C,999,31,9,0,1,1,0,999,31,31.0,1,0,1,0,0.0,0.4,0.4
74863a38faa4,6d9mAzxvrwFuBK400gb9zb,Los Ollies,999,32,999,0,1,0,1,999,32,32.0,1,0,1,0,0.0,0.38,0.38
74863a38faa4,235Vf4hkmwvxjVEMuCbRxm,Rodrigo,999,35,20,0,1,1,0,999,35,35.0,1,0,1,0,0.0,0.32,0.32
74863a38faa4,4SsVbpTthjScTS7U2hmr1X,Arcángel,999,36,50,0,1,1,0,999,36,36.0,1,0,1,0,0.0,0.3,0.3
74863a38faa4,5H1nN1SzW0qNeUEZvuXjAj,Danny Ocean,999,38,45,0,1,1,0,999,38,38.0,1,0,1,0,0.0,0.26,0.26
74863a38faa4,7j4EDoy89FLUbaeJuV1gNY,VILLAGRÁN,999,39,999,0,1,0,1,999,39,39.0,1,0,1,0,0.0,0.24,0.24
74863a38faa4,3TVXtAsR1Inumwj472S9r4,Drake,999,42,38,0,1,1,0,999,42,42.0,1,0,1,0,0.0,0.18,0.18
74863a38faa4,2osoVujXgV0PA8lhqDKYFw,Callejeros,999,46,14,0,1,1,0,999,46,46.0,1,0,1,0,0.0,0.1,0.1
74863a38faa4,1aw0Cdl1DIrtUrUA6fGbAR,Dread Mar I,999,47,15,0,1,1,0,999,47,47.0,1,0,1,0,0.0,0.08,0.08
74863a38faa4,19HM5j0ULGSmEoRcrSe5x3,Milo j,999,48,36,0,1,1,0,999,48,48.0,1,0,1,0,0.0,0.06,0.06
74863a38faa4,4ZDoy7AWNgQVmX7T0u0B1j,No Te Va Gustar,999,49,35,0,1,1,0,999,49,49.0,1,0,1,0,0.0,0.04,0.04
74863a38faa4,01pQZzNIPRiVaCozNUrnyL,Los Angeles De Charly,999,50,17,0,1,1,0,999,50,50.0,1,0,1,0,0.0,0.02,0.02
